City_ID,City,Country,Lat,Lng,Max Temp,Humidity,Cloudiness,Wind Speed,Current Description
0,Ushuaia,AR,-54.8,-68.3,44.89,97,100,8.97,overcast clouds
1,Punta Arenas,CL,-53.15,-70.9167,46.51,93,75,6.91,light rain
2,Icod De Los Vinos,ES,28.3724,-16.7119,90.54,66,100,9.4,overcast clouds
3,Vestmannaeyjar,IS,63.4427,-20.2734,43.99,70,63,7.2,broken clouds
4,Albany,US,42.6001,-73.9662,38.91,68,52,5.01,broken clouds
5,Atuona,PF,-9.8,-139.0333,79.05,77,48,16.33,scattered clouds
6,Rikitea,PF,-23.1203,-134.9692,77.99,66,4,11.86,clear sky
7,Jamestown,US,42.097,-79.2353,35.19,58,75,10.36,broken clouds
8,Pangnirtung,CA,66.1451,-65.7125,8.82,91,100,5.64,overcast clouds
9,Hermanus,ZA,-34.4187,19.2345,70.81,52,12,16.17,few clouds
10,Yatou,CN,37.15,122.3833,53.31,50,100,6.55,light rain
11,Puerto Ayora,EC,-0.7393,-90.3518,75.16,85,95,7.54,overcast clouds
12,Hobart,AU,-42.8794,147.3294,64.26,73,40,5.75,scattered clouds
13,Lebu,CL,-37.6167,-73.65,58.17,82,100,7.31,overcast clouds
14,Kahului,US,20.8947,-156.47,73.85,79,20,18.01,few clouds
15,Juneau,US,58.3019,-134.4197,38.21,86,100,0.0,overcast clouds
16,Sabang,ID,5.8933,95.3214,84.07,66,78,5.57,broken clouds
17,Bethel,US,41.3712,-73.414,47.57,46,0,13.8,clear sky
18,Kapaa,US,22.0752,-159.319,69.48,98,21,13.04,light rain
19,Nome,US,64.5011,-165.4064,30.27,80,100,16.11,light snow
20,Arraial Do Cabo,BR,-22.9661,-42.0278,71.46,83,75,9.22,broken clouds
21,Vaini,TO,-21.2,-175.2,77.16,94,40,5.75,scattered clouds
22,Havoysund,NO,70.9963,24.6622,41.23,99,100,22.75,light rain
23,Vila Franca Do Campo,PT,37.7167,-25.4333,64.81,80,72,10.49,broken clouds
24,Saint George,US,37.1041,-113.5841,54.19,37,0,0.0,clear sky
25,Rio Gallegos,AR,-51.6226,-69.2181,53.65,47,0,13.8,clear sky
26,Mar Del Plata,AR,-38.0023,-57.5575,62.87,86,100,5.01,overcast clouds
27,Umm Lajj,SA,25.0213,37.2685,83.59,48,89,3.38,overcast clouds
28,Bredasdorp,ZA,-34.5322,20.0403,66.47,56,0,11.79,clear sky
29,Mahibadhoo,MV,3.7833,72.9667,84.76,73,100,12.95,overcast clouds
30,San Patricio,US,28.017,-97.5169,81.18,72,83,9.28,broken clouds
31,East London,ZA,-33.0153,27.9116,70.84,72,69,16.46,broken clouds
32,Eyl,SO,7.9803,49.8164,84.99,69,29,10.92,scattered clouds
33,Saskylakh,RU,71.9167,114.0833,27.45,96,100,20.24,light snow
34,Tuktoyaktuk,CA,69.4541,-133.0374,4.05,84,100,8.79,overcast clouds
35,Carnarvon,AU,-24.8667,113.6333,69.87,94,100,5.75,light rain
36,Shingu,JP,33.7333,135.9833,57.6,91,88,7.56,overcast clouds
37,Kaitangata,NZ,-46.2817,169.8464,43.66,93,4,4.0,clear sky
38,Ankang,CN,32.68,109.0172,52.25,77,100,1.36,overcast clouds
39,Barrow,US,71.2906,-156.7887,-5.78,84,0,11.5,clear sky
40,Pisco,PE,-13.7,-76.2167,67.01,77,0,8.05,clear sky
41,Port Lincoln,AU,-34.7333,135.8667,62.33,83,100,8.68,light rain
42,Melfi,IT,40.9965,15.6514,48.49,70,100,17.16,overcast clouds
43,Nishihara,JP,26.1842,127.7558,65.48,59,20,4.61,few clouds
44,Mahebourg,MU,-20.4081,57.7,79.09,94,40,6.91,scattered clouds
45,San Juan Del Sur,NI,11.2529,-85.8705,81.7,64,54,20.0,broken clouds
46,Busselton,AU,-33.65,115.3333,55.35,70,16,5.14,few clouds
47,The Valley,AI,18.217,-63.0578,84.34,58,20,20.71,few clouds
48,Castro,BR,-24.7911,-50.0119,63.88,60,56,4.85,broken clouds
49,Ahuimanu,US,21.4447,-157.8378,73.2,80,75,11.5,broken clouds
50,Tortoli,IT,39.9256,9.6572,58.66,54,3,20.87,clear sky
51,Georgetown,MY,5.4112,100.3354,84.13,79,20,3.44,heavy intensity rain
52,Port Hardy,CA,50.6996,-127.4199,39.24,77,6,8.12,clear sky
53,Dikson,RU,73.5069,80.5464,8.71,93,100,13.8,overcast clouds
54,Bambous Virieux,MU,-20.3428,57.7575,79.05,94,40,6.91,moderate rain
55,Rypefjord,NO,70.6333,23.6667,41.47,100,75,16.11,broken clouds
56,Puerto Rico,AR,-26.796,-55.024,76.91,42,8,2.77,clear sky
57,Zabol,AF,32.25,67.25,70.34,28,100,2.73,overcast clouds
58,Nikolskoye,RU,59.7035,30.7861,46.29,54,84,5.44,broken clouds
59,Fortuna,US,40.5982,-124.1573,40.66,93,0,5.75,clear sky
60,Plettenberg Bay,ZA,-34.0527,23.3716,64.72,68,0,4.36,clear sky
61,Cape Town,ZA,-33.9258,18.4232,73.35,70,24,13.0,few clouds
62,Jaisalmer,IN,26.9147,70.9181,98.91,11,26,16.55,scattered clouds
63,Victoria,HK,22.2855,114.1577,73.18,76,97,11.01,overcast clouds
64,Babanka,UA,48.7097,30.4483,44.2,53,98,11.25,overcast clouds
65,Hilo,US,19.7297,-155.09,75.27,88,100,9.22,overcast clouds
66,Sao Filipe,CV,14.8961,-24.4956,72.1,78,64,11.01,broken clouds
67,Hithadhoo,MV,-0.6,73.0833,83.5,74,72,7.74,broken clouds
68,Awbari,LY,26.5921,12.7805,75.81,22,76,14.47,broken clouds
69,Mataura,NZ,-46.1927,168.8643,37.47,96,0,2.1,clear sky
70,Keflavik,IS,64.0049,-22.5624,45.03,61,75,11.5,broken clouds
71,Deputatskiy,RU,69.3,139.9,-2.69,100,100,2.66,overcast clouds
72,Butaritari,KI,3.0707,172.7902,81.32,74,23,12.55,few clouds
73,Padilla,CO,3.2204,-76.3139,74.77,78,76,2.19,broken clouds
74,Sampit,ID,-2.5333,112.95,76.51,87,100,2.51,overcast clouds
75,Girua,BR,-28.0283,-54.3497,69.67,55,30,3.8,scattered clouds
76,Yellowknife,CA,62.456,-114.3525,0.55,64,45,4.0,scattered clouds
77,Samarai,PG,-10.6167,150.6667,82.02,79,94,8.81,overcast clouds
78,Taraz,KZ,42.9,71.3667,68.41,52,96,4.47,overcast clouds
79,Avarua,CK,-21.2078,-159.775,77.05,88,20,2.3,few clouds
80,Richards Bay,ZA,-28.783,32.0377,64.72,92,100,2.73,light rain
81,Bluff,NZ,-46.6,168.3333,37.8,82,3,5.73,clear sky
82,Kruisfontein,ZA,-34.0033,24.7314,65.88,63,41,7.25,scattered clouds
83,Zonguldak,TR,41.25,31.8333,51.44,92,100,4.59,moderate rain
84,Mareeba,AU,-17.0,145.4333,70.52,91,82,2.48,broken clouds
85,Tuatapere,NZ,-46.1333,167.6833,44.15,90,1,3.74,clear sky
86,Adrar,MR,20.5022,-10.0711,96.33,8,4,9.69,clear sky
87,Burhanpur,IN,21.3,76.2333,95.38,12,2,3.71,clear sky
88,Novopokrovka,UA,49.8425,36.5477,49.33,75,100,8.19,overcast clouds
89,Avanigadda,IN,16.0215,80.9181,84.18,68,40,12.91,scattered clouds
90,Broome,US,42.2506,-75.833,39.02,64,100,16.11,overcast clouds
91,Saint Anthony,US,45.0205,-93.218,40.91,51,100,13.8,overcast clouds
92,Khatanga,RU,71.9667,102.5,12.88,96,100,10.83,overcast clouds
93,Fare,PF,-16.7,-151.0167,80.44,73,6,10.13,light rain
94,Kloulklubed,PW,7.0419,134.2556,75.7,71,100,3.67,overcast clouds
95,Severo-Kurilsk,RU,50.6789,156.125,29.16,80,41,11.81,scattered clouds
96,Yelanskiy,RU,56.8419,62.5014,36.86,72,76,3.69,broken clouds
97,Manoel Urbano,BR,-8.8389,-69.2597,80.26,83,47,3.8,scattered clouds
98,Zyryanka,RU,65.75,150.85,4.44,100,100,3.09,overcast clouds
99,Mazatlan,MX,23.2167,-106.4167,70.92,70,75,1.01,broken clouds
100,Laguna,US,38.421,-121.4238,53.96,82,0,6.91,clear sky
101,Ankazoabo,MG,-22.2833,44.5167,83.08,47,77,3.83,broken clouds
102,Puerto Escondido,MX,15.85,-97.0667,85.41,55,55,3.78,broken clouds
103,Gore,NZ,-46.1028,168.9436,39.65,95,0,1.7,clear sky
104,Bukama,CD,-9.2,25.85,81.57,80,31,2.51,light rain
105,Jardim,BR,-21.4803,-56.1381,79.11,43,37,2.42,scattered clouds
106,Cidreira,BR,-30.1811,-50.2056,70.05,60,90,8.61,overcast clouds
107,Tiksi,RU,71.6872,128.8694,-6.45,98,52,3.47,broken clouds
108,Lindas,NO,60.7381,5.16,55.45,70,100,9.73,overcast clouds
109,Tres Arroyos,AR,-38.3739,-60.2798,68.23,48,64,6.82,broken clouds
110,Dakar,SN,14.6937,-17.4441,83.28,84,27,15.82,scattered clouds
111,Wattegama,LK,6.7989,81.4808,76.06,91,29,4.41,scattered clouds
112,Nawabshah,PK,26.2483,68.4096,96.76,49,40,11.5,haze
113,Kavieng,PG,-2.5744,150.7967,82.89,72,71,12.66,broken clouds
114,Berberati,CF,4.2612,15.7922,76.59,70,95,7.85,light rain
115,Mount Isa,AU,-20.7333,139.5,65.97,45,0,0.0,clear sky
116,San Cristobal,VE,7.7669,-72.225,66.38,93,100,1.59,overcast clouds
117,Westport,US,41.1415,-73.3579,49.89,41,0,18.01,clear sky
118,Yining,CN,29.0361,114.5636,50.81,95,100,0.94,overcast clouds
119,Taoudenni,ML,22.6783,-3.9836,90.5,15,0,14.67,clear sky
120,Tasiilaq,GL,65.6145,-37.6368,35.76,100,100,5.06,moderate rain
121,Leshukonskoye,RU,64.8989,45.7622,33.8,98,100,8.21,light snow
122,Geraldton,AU,-28.7667,114.6,61.21,63,23,16.11,few clouds
123,Alofi,NU,-19.0595,-169.9187,81.57,74,56,11.77,broken clouds
124,Chuy,UY,-33.6971,-53.4616,70.88,55,79,9.55,broken clouds
125,Coihaique,CL,-45.5752,-72.0662,52.36,61,100,4.54,overcast clouds
126,Trairi,BR,-3.2778,-39.2689,85.26,70,59,6.31,broken clouds
127,Moura,PT,38.1401,-7.4486,78.33,30,100,7.2,overcast clouds
128,Novato,US,38.1074,-122.5697,50.86,92,0,3.0,mist
129,Krasnopillya,UA,50.7746,35.2597,41.9,90,100,5.44,overcast clouds
130,Sur,OM,22.5667,59.5289,89.94,39,52,5.21,broken clouds
131,Kodiak,US,57.79,-152.4072,35.11,87,100,4.61,light rain
132,Namibe,AO,-15.1961,12.1522,77.72,71,65,10.38,broken clouds
133,Christchurch,NZ,-43.5333,172.6333,55.9,81,89,10.36,overcast clouds
134,Bukachacha,RU,52.9833,116.9167,38.17,61,100,3.6,overcast clouds
135,Pochutla,MX,15.7432,-96.4661,87.82,50,52,3.62,broken clouds
136,Qaqortoq,GL,60.7167,-46.0333,32.0,78,100,6.31,overcast clouds
137,North Bend,US,43.4065,-124.2243,39.16,93,0,8.05,clear sky
138,Ha Tinh,VN,18.3333,105.9,72.93,95,100,5.75,overcast clouds
139,Kanke,IN,23.4333,85.3167,86.02,28,20,0.0,haze
140,Port Elizabeth,ZA,-33.918,25.5701,68.09,92,75,5.99,broken clouds
141,Ancud,CL,-41.8697,-73.8203,60.22,77,100,2.59,overcast clouds
142,Buguruslan,RU,53.6554,52.442,51.46,71,100,6.87,overcast clouds
143,Aklavik,CA,68.2191,-135.0107,1.58,83,85,13.78,overcast clouds
144,Avera,US,33.194,-82.5271,72.91,64,81,4.99,broken clouds
145,Mashhad,IR,36.297,59.6062,59.14,67,75,20.71,broken clouds
146,Celendin,PE,-6.8703,-78.1517,63.12,61,25,2.57,scattered clouds
147,Iqaluit,CA,63.7506,-68.5145,-4.27,70,100,21.85,light snow
148,Qaanaaq,GL,77.484,-69.3632,-12.41,70,10,4.59,clear sky
149,Canberra,AU,-35.2835,149.1281,50.27,92,100,0.0,overcast clouds
150,Dongsheng,CN,39.8161,109.9776,40.1,67,98,15.05,overcast clouds
151,Moron,AR,-34.6534,-58.6198,70.95,68,84,5.5,light rain
152,Progreso,MX,21.2833,-89.6667,85.1,57,0,9.53,clear sky
153,Okhotsk,RU,59.3833,143.3,19.76,90,100,2.55,overcast clouds
154,Cabo San Lucas,MX,22.8909,-109.9124,80.51,28,100,3.85,overcast clouds
155,Khash,IR,28.2211,61.2158,79.09,19,3,16.98,clear sky
156,Yar-Sale,RU,66.8333,70.8333,16.03,93,84,8.7,broken clouds
157,Yangjiang,CN,21.85,111.9667,70.75,78,100,6.64,overcast clouds
158,Kutum,SD,14.2,24.6667,93.96,12,100,5.23,overcast clouds
159,Dunedin,NZ,-45.8742,170.5036,53.8,73,11,8.99,few clouds
160,Souillac,MU,-20.5167,57.5167,79.18,94,40,6.91,light rain
161,Narsaq,GL,60.9167,-46.05,34.02,76,100,4.94,overcast clouds
162,Smithers,CA,54.7804,-127.1743,33.64,70,68,1.59,broken clouds
163,Ponta Do Sol,PT,32.6667,-17.1,75.83,51,100,12.21,overcast clouds
164,Phalaborwa,ZA,-23.943,31.1411,63.95,74,100,12.15,overcast clouds
165,Baykit,RU,61.67,96.37,34.9,88,100,11.92,overcast clouds
166,Ambon,ID,-3.6954,128.1814,77.14,94,40,3.44,scattered clouds
167,Bengkulu,ID,-3.8004,102.2655,78.87,86,33,3.04,scattered clouds
168,Cockburn Town,TC,21.4612,-71.1419,77.83,80,83,19.84,broken clouds
169,Minuri,PH,16.535,121.8574,72.55,94,60,1.57,broken clouds
170,Leh,IN,34.1667,77.5833,43.29,26,64,4.94,broken clouds
171,Meulaboh,ID,4.1363,96.1285,79.54,85,100,2.62,light rain
172,Kuopio,FI,62.8924,27.677,49.95,43,0,5.75,clear sky
173,Port Alfred,ZA,-33.5906,26.891,68.18,77,96,7.05,overcast clouds
174,Hovd,MN,48.0056,91.6419,47.12,22,0,0.85,clear sky
175,Kuvshinovo,RU,57.0295,34.1725,38.62,64,72,7.85,broken clouds
176,Ribeira Grande,PT,38.5167,-28.7,64.8,59,20,17.27,few clouds
177,Klyuchi,RU,52.2667,79.1667,61.74,33,88,7.45,overcast clouds
178,Quatre Cocos,MU,-20.2078,57.7625,78.91,86,55,13.42,moderate rain
179,Thompson,CA,55.7435,-97.8558,22.51,78,99,4.21,overcast clouds
180,Olafsvik,IS,64.8945,-23.7142,42.37,73,100,10.38,overcast clouds
181,Songjianghe,CN,42.1859,127.479,37.96,75,84,3.65,broken clouds
182,Codrington,AU,-38.2667,141.9667,56.19,95,100,5.88,light rain
183,Lahad Datu,MY,5.0268,118.327,75.61,92,68,3.51,broken clouds
184,Skelleftea,SE,64.7507,20.9528,52.16,54,0,5.75,clear sky
185,Pevek,RU,69.7008,170.3133,-0.58,96,100,3.0,overcast clouds
186,Vanimo,PG,-2.6741,141.3028,78.91,87,92,2.89,overcast clouds
187,Saint-Philippe,RE,-21.3585,55.7679,78.39,86,35,10.96,light rain
188,Pine Bluff,US,34.2284,-92.0032,56.95,88,100,10.0,overcast clouds
189,Airai,TL,-8.9266,125.4092,60.93,93,100,1.61,overcast clouds
190,Belaya Gora,RU,68.5333,146.4167,0.7,100,93,3.02,overcast clouds
191,Chiredzi,ZW,-21.05,31.6667,65.71,88,100,6.24,overcast clouds
192,Bonavista,CA,48.6499,-53.1147,39.7,72,100,17.54,overcast clouds
193,Luderitz,NA,-26.6481,15.1594,71.91,55,1,12.1,clear sky
194,La Ronge,CA,55.1001,-105.2842,26.35,85,94,4.09,overcast clouds
195,Barra Do Garcas,BR,-15.89,-52.2567,81.1,34,69,4.36,broken clouds
196,Itarema,BR,-2.9248,-39.9167,85.3,70,44,8.72,scattered clouds
197,Torbay,CA,47.6666,-52.7314,51.28,70,100,4.0,overcast clouds
198,Morozovsk,RU,48.3539,41.8261,64.65,52,85,4.56,overcast clouds
199,Husavik,IS,66.0449,-17.3389,43.61,87,99,5.66,overcast clouds
200,Oranjemund,NA,-28.55,16.4333,67.91,55,0,14.94,clear sky
201,Sokoto,NG,13.0609,5.239,102.25,8,67,8.12,broken clouds
202,Grand Island,US,40.925,-98.342,42.75,44,100,14.97,overcast clouds
203,Cedar Rapids,US,42.0083,-91.6441,39.85,57,100,5.99,overcast clouds
204,Kidal,ML,18.4411,1.4078,90.43,9,84,10.94,broken clouds
205,Karratha,AU,-20.7377,116.8463,85.6,47,35,4.54,scattered clouds
206,Vila Velha,BR,-20.3297,-40.2925,78.94,61,0,11.01,clear sky
207,Jabinyanah,TN,35.035,10.9081,72.19,42,30,22.95,scattered clouds
208,Margate,GB,51.3813,1.3862,61.88,63,84,1.01,broken clouds
209,Axim,GH,4.8699,-2.2405,82.58,75,99,10.65,light rain
210,Sri Aman,MY,1.2376,111.4621,74.88,99,100,1.32,overcast clouds
211,Nadym,RU,65.5333,72.5167,16.3,85,99,6.29,overcast clouds
212,Sandwick,GB,60.0,-1.25,49.82,87,40,10.36,mist
213,Katsuura,JP,35.1333,140.3,57.54,74,70,6.67,broken clouds
214,Chokurdakh,RU,70.6333,147.9167,-8.68,100,39,4.81,scattered clouds
215,Kashira,RU,54.8444,38.1669,36.16,89,100,12.37,overcast clouds
216,Lake Saint Louis,US,38.7976,-90.7857,47.73,53,100,10.36,overcast clouds
217,Upernavik,GL,72.7868,-56.1549,-9.31,89,97,15.37,overcast clouds
218,Erenhot,CN,43.6475,111.9767,47.79,27,0,10.42,clear sky
219,Mananjary,MG,-21.2167,48.3333,76.51,82,1,5.79,clear sky
220,Kargasok,RU,59.0556,80.8572,34.25,81,100,9.6,overcast clouds
221,Grand Gaube,MU,-20.0064,57.6608,79.2,87,39,5.99,scattered clouds
222,Ostrovnoy,RU,68.0531,39.5131,34.36,97,100,23.62,overcast clouds
223,Alakurtti,RU,66.9672,30.3491,41.02,85,100,6.89,overcast clouds
224,Walvis Bay,NA,-22.9575,14.5053,69.28,57,12,14.5,few clouds
225,Nangong,CN,37.3581,115.3744,57.22,37,100,8.21,overcast clouds
226,Koumra,TD,8.9126,17.5539,104.52,19,52,1.79,broken clouds
227,Hasaki,JP,35.7333,140.8333,54.28,67,93,9.84,overcast clouds
228,Tabou,CI,4.423,-7.3528,77.56,84,100,6.67,overcast clouds
229,Bocanda,CI,7.0626,-4.4995,82.9,72,100,8.3,overcast clouds
230,Laukaa,RU,58.7372,29.8453,44.76,53,100,3.78,overcast clouds
231,Kimbe,PG,-5.5502,150.1429,76.05,94,35,2.89,scattered clouds
232,Los Llanos De Aridane,ES,28.6585,-17.9182,69.55,73,0,16.11,clear sky
233,Isiro,CD,2.7739,27.616,77.76,67,100,1.97,light rain
234,Teya,RU,60.3778,92.6267,34.95,91,100,9.71,overcast clouds
235,Arauco,CL,-37.2463,-73.3175,62.26,62,100,3.36,overcast clouds
236,Paamiut,GL,61.994,-49.6678,29.16,77,100,5.64,overcast clouds
237,Bathsheba,BB,13.2167,-59.5167,81.03,70,100,18.14,overcast clouds
238,Goksun,TR,38.021,36.4973,60.1,43,94,6.22,overcast clouds
239,Palmerston,AU,-12.486,130.9833,80.58,88,65,0.0,broken clouds
240,Gizo,SB,-8.103,156.8419,81.45,77,100,7.81,overcast clouds
241,Hudson,US,40.7168,-74.0663,50.4,41,20,20.71,few clouds
242,New Norfolk,AU,-42.7826,147.0587,63.9,60,100,4.0,light rain
243,Maldonado,UY,-34.6667,-54.9167,70.99,59,100,5.28,overcast clouds
244,Saint-Francois,FR,46.4154,3.9054,68.68,32,0,5.75,clear sky
245,Bjornevatn,NO,69.6672,29.9847,37.74,93,75,10.36,broken clouds
246,Sinnamary,GF,5.3833,-52.95,82.2,73,66,9.93,broken clouds
247,Poyarkovo,RU,49.6,128.6833,35.1,64,12,4.5,few clouds
248,Lavrentiya,RU,65.5833,-171.0,28.9,96,100,13.18,light snow
249,Praia,CV,14.9215,-23.5087,82.94,51,20,16.11,few clouds
250,Srednekolymsk,RU,67.45,153.6833,6.4,98,100,5.17,overcast clouds
251,Puerto Leguizamo,CO,-0.1934,-74.7819,80.74,82,99,2.37,overcast clouds
252,Praia Da Vitoria,PT,38.7333,-27.0667,59.9,70,9,11.81,clear sky
253,Suoyarvi,RU,62.0833,32.35,40.91,80,100,5.86,overcast clouds
254,Basco,PH,20.4487,121.9702,76.64,76,67,19.1,broken clouds
255,Riyadh,SA,24.6877,46.7219,87.94,12,0,13.69,clear sky
256,Vostok,RU,46.4856,135.8833,24.57,85,24,4.7,few clouds
257,Sao Jose Da Coroa Grande,BR,-8.8978,-35.1478,84.25,70,60,7.47,broken clouds
258,Abha,SA,18.2164,42.5053,71.85,35,40,9.22,moderate rain
259,Tura,IN,25.5198,90.2201,69.28,87,2,8.72,clear sky
260,Kayerkan,RU,69.3497,87.7602,8.6,96,100,12.64,light snow
261,Belmonte,BR,-15.8631,-38.8828,77.23,81,100,15.3,overcast clouds
262,Crib Point,AU,-38.35,145.2,65.89,93,100,12.95,moderate rain
263,Deneysville,ZA,-26.8908,28.0971,53.65,95,100,4.12,moderate rain
264,Devils Lake,US,48.1128,-98.8651,19.94,91,100,16.11,mist
265,Hamilton,US,39.1834,-84.5333,44.22,47,0,9.22,clear sky
266,Cortes,ES,41.9395,-1.4396,77.05,35,90,16.46,overcast clouds
267,Ust-Nera,RU,64.5667,143.2,3.6,99,83,2.01,broken clouds
268,Kano,NG,12.0001,8.5167,98.56,22,97,8.08,overcast clouds
269,Acapulco,MX,16.8634,-99.8901,82.36,52,45,2.73,scattered clouds
270,Bulgan,MN,48.8125,103.5347,42.21,40,22,3.96,few clouds
271,Torit,SS,4.4133,32.5678,91.02,36,98,0.43,overcast clouds
272,Veinticinco De Mayo,AR,-35.4323,-60.1727,68.99,61,100,6.67,overcast clouds
273,Ermoupolis,GR,37.4423,24.9425,68.7,52,40,8.05,scattered clouds
274,Guerrero Negro,MX,27.9769,-114.0611,62.31,76,42,13.22,scattered clouds
275,Esperance,AU,-33.8667,121.9,59.94,61,79,10.58,broken clouds
276,Birjand,IR,32.8663,59.2211,71.98,24,94,14.43,overcast clouds
277,Cortez,US,37.3489,-108.5859,54.03,46,0,4.61,clear sky
278,Ketchikan,US,55.3422,-131.6461,37.38,86,0,6.91,clear sky
279,Peleduy,RU,59.6289,112.7406,41.56,99,100,15.41,overcast clouds
280,Evensk,RU,61.95,159.2333,24.03,85,100,8.81,overcast clouds
281,Camacupa,AO,-12.0167,17.4833,71.58,77,92,3.89,light rain
282,Ayan,RU,56.45,138.1667,21.51,87,60,6.15,broken clouds
283,Longyearbyen,SJ,78.2186,15.6401,22.84,74,75,6.91,light snow
284,Comodoro Rivadavia,AR,-45.8667,-67.5,66.06,37,0,13.8,clear sky
285,Saldanha,ZA,-33.0117,17.9442,63.52,62,2,11.05,clear sky
286,Mokrousovo,RU,55.8103,66.7653,41.59,60,12,6.51,few clouds
287,Bagado,CO,5.4116,-76.4152,85.32,65,76,2.98,broken clouds
288,Korla,CN,41.7597,86.1469,59.76,13,0,2.48,clear sky
289,Linhares,BR,-19.3911,-40.0722,81.39,53,95,10.69,overcast clouds
290,Half Moon Bay,US,37.4636,-122.4286,50.05,84,75,5.75,broken clouds
291,Zhoucheng,CN,35.9122,116.3117,56.28,36,100,7.11,moderate rain
292,Englewood,US,39.6478,-104.9878,60.76,43,20,5.75,few clouds
293,Nalut,LY,30.3333,10.85,73.06,22,0,14.47,clear sky
294,Fasa,IR,28.9383,53.6482,70.34,9,2,10.76,clear sky
295,Dudinka,RU,69.4058,86.1778,8.1,94,100,13.76,light snow
296,Salalah,OM,17.0151,54.0924,84.29,84,40,9.22,scattered clouds
297,Joshimath,IN,30.5667,79.5667,58.77,52,79,7.78,broken clouds
298,Sovetskiy,RU,61.3614,63.5842,25.72,85,65,3.83,broken clouds
299,Sao Joao Da Barra,BR,-21.6403,-41.0511,80.69,59,0,10.69,clear sky
300,Ahipara,NZ,-35.1667,173.1667,67.78,93,100,15.57,moderate rain
301,Tucurui,BR,-3.7661,-49.6725,84.49,77,73,1.28,broken clouds
302,Djibo,BF,14.1022,-1.6306,100.24,7,98,15.21,overcast clouds
303,Liverpool,GB,53.4106,-2.9779,67.98,54,40,17.27,scattered clouds
304,Conceicao Do Araguaia,BR,-8.2578,-49.2647,80.02,81,99,6.69,light rain
305,Chumphon,TH,10.3333,98.8333,75.04,90,54,0.11,broken clouds
306,Kichmengskiy Gorodok,RU,59.9816,45.7854,37.45,72,67,2.89,broken clouds
307,San Carlos De Bariloche,AR,-41.1456,-71.3082,53.35,66,75,9.22,broken clouds
308,Mapiripan,CO,2.8892,-72.1256,82.47,71,86,0.4,overcast clouds
309,Auki,SB,-8.7676,160.7034,76.78,86,100,4.18,overcast clouds
310,Clyde River,CA,70.4692,-68.5914,-6.81,93,99,4.81,overcast clouds
311,Lompoc,US,34.6391,-120.4579,53.02,89,100,13.0,mist
312,Harda,IN,22.3333,77.1,95.32,12,24,7.76,few clouds
313,Hit,IQ,33.6416,42.8251,82.08,12,0,7.43,clear sky
314,Kheralu,IN,23.8833,72.6167,89.78,18,0,10.78,clear sky
315,Santa Maria,BR,-29.6842,-53.8069,68.58,64,82,8.52,broken clouds
316,Abu Samrah,SY,35.3029,37.1841,80.98,14,100,9.95,overcast clouds
317,Luan,CH,46.3592,6.9759,56.03,54,33,10.0,scattered clouds
318,Hami,CN,42.8,93.45,60.69,14,0,6.6,clear sky
319,Svetlaya,RU,46.5389,138.3297,35.33,73,80,6.49,broken clouds
320,Puerto Madero,MX,14.7208,-92.4215,86.2,70,0,6.91,clear sky
321,Zaoyang,CN,32.1272,112.7542,52.65,75,99,4.14,overcast clouds
322,Neka,IR,36.6508,53.299,54.23,70,100,2.73,overcast clouds
323,Touros,BR,-5.1989,-35.4608,86.22,63,97,10.4,overcast clouds
324,Urumqi,CN,43.801,87.6005,63.55,9,0,8.95,clear sky
325,Mahajanga,MG,-15.7167,46.3167,84.99,59,2,2.89,clear sky
326,Goundam,ML,16.4145,-3.6708,96.78,8,0,14.79,clear sky
327,Durres,AL,41.3231,19.4414,64.58,61,100,17.25,overcast clouds
328,Jinchang,CN,38.4953,102.1739,44.74,29,10,7.72,clear sky
329,Kalmar,SE,56.6616,16.3616,51.96,71,0,10.36,clear sky
330,Gigmoto,PH,13.7796,124.39,78.75,84,53,8.61,broken clouds
331,Byron Bay,AU,-28.65,153.6167,63.95,81,86,6.35,overcast clouds
332,Quelimane,MZ,-17.8786,36.8883,78.06,82,51,7.0,broken clouds
333,Chitral,PK,35.8462,71.7858,66.36,42,5,2.33,clear sky
334,Boa Vista,BR,2.8197,-60.6733,87.78,55,75,12.66,broken clouds
335,Whitehorse,CA,60.7161,-135.0538,20.17,62,75,6.91,light snow
336,Palembang,ID,-2.9167,104.7458,78.89,89,40,5.75,heavy intensity rain
337,Taltal,CL,-25.4,-70.4833,66.97,63,0,7.31,clear sky
338,Padang,ID,-0.9492,100.3543,79.39,88,100,3.15,moderate rain
339,Gamba,GA,-2.65,10.0,83.14,72,85,8.88,overcast clouds
340,Hirara,JP,24.8,125.2833,70.99,68,57,11.56,broken clouds
341,Roma,US,43.2128,-75.4557,37.96,90,100,11.99,overcast clouds
342,Andra,RU,62.5147,65.8878,24.31,97,100,1.72,light snow
343,Hustopece,CZ,48.9408,16.7376,57.94,45,70,11.81,broken clouds
344,Salinopolis,BR,-0.6136,-47.3561,82.63,78,100,5.14,light rain
345,Lata,PT,40.1629,-8.3327,73.51,44,99,9.6,overcast clouds
346,Lieksa,FI,63.3167,30.0167,39.87,82,100,5.03,overcast clouds
347,Hervey Bay,AU,-25.2986,152.8535,65.01,87,21,11.01,few clouds
348,Uvinza,TZ,-5.1036,30.3911,73.47,90,64,3.09,light rain
349,Coquimbo,CL,-29.9533,-71.3436,56.93,88,100,2.3,overcast clouds
350,Eenhana,NA,-17.4667,16.3333,80.49,50,99,4.59,overcast clouds
351,Raga,SS,8.4596,25.678,97.48,24,94,4.59,overcast clouds
352,Adamas,GR,36.7333,24.4333,61.86,84,31,13.71,scattered clouds
353,Cam Ranh,VN,11.9214,109.1591,78.76,89,20,10.36,few clouds
354,Qasigiannguit,GL,68.8193,-51.1922,19.65,83,41,3.65,scattered clouds
355,San Buenaventura,MX,27.0833,-101.5333,82.47,61,0,6.91,clear sky
356,Makakilo City,US,21.3469,-158.0858,72.01,75,0,11.5,clear sky
357,Lagoa,PT,39.05,-27.9833,57.88,70,25,14.05,scattered clouds
358,Buraydah,SA,26.326,43.975,87.66,8,0,10.33,clear sky
359,Provideniya,RU,64.3833,-173.3,30.63,96,100,22.66,light snow
360,Yumen,CN,40.2833,97.2,48.54,22,0,9.17,clear sky
361,Port Blair,IN,11.6667,92.75,83.21,68,39,3.11,scattered clouds
362,Kaukauna,US,44.278,-88.272,33.1,62,75,5.75,broken clouds
363,Wanning,CN,18.8003,110.3967,76.26,90,77,9.08,broken clouds
364,Sorland,NO,67.667,12.6934,42.3,90,100,19.64,overcast clouds
365,Encinitas,US,33.037,-117.292,62.76,88,20,5.01,few clouds
366,Huayang,CN,34.4155,109.9939,43.61,63,100,5.17,overcast clouds
367,Nanortalik,GL,60.1432,-45.2371,30.83,79,100,6.51,overcast clouds
368,Wilmington,US,34.2257,-77.9447,75.99,65,0,10.36,clear sky
369,Kamenka,RU,51.3223,42.7678,55.13,70,99,3.89,overcast clouds
370,Nongan,CN,44.382,125.1685,44.51,24,91,5.21,overcast clouds
371,Slawno,PL,54.3628,16.6789,49.55,53,55,11.03,broken clouds
372,Sohag,EG,26.557,31.6948,104.9,6,100,9.37,overcast clouds
373,Mehamn,NO,71.0357,27.8492,37.74,98,100,7.38,overcast clouds
374,Diffa,NE,13.3154,12.6113,104.09,7,18,8.39,few clouds
375,Rawson,AR,-43.3002,-65.1023,62.17,61,36,21.77,scattered clouds
376,Sanok,PL,49.5557,22.2056,45.28,100,100,10.94,overcast clouds
377,Ilulissat,GL,69.2167,-51.1,19.42,63,75,5.75,broken clouds
378,Berlevag,NO,70.8578,29.0864,37.2,94,100,11.43,overcast clouds
379,Lokoja,NG,7.8024,6.743,98.11,38,87,11.07,light rain
380,Isnos,CO,1.9356,-76.2406,65.08,85,98,1.7,overcast clouds
381,Namatanai,PG,-3.6667,152.4333,80.87,78,98,8.59,overcast clouds
382,Lazaro Cardenas,MX,17.9583,-102.2,78.37,67,79,4.52,broken clouds
383,Tutoia,BR,-2.7619,-42.2744,82.09,86,78,8.08,broken clouds
384,Kindersley,CA,51.4668,-109.1682,27.23,61,100,1.5,overcast clouds
385,Leningradskiy,RU,69.3833,178.4167,-0.71,96,34,3.38,scattered clouds
386,Floriano,BR,-6.7669,-43.0225,87.62,63,52,2.91,broken clouds
387,Miracema Do Tocantins,BR,-9.5618,-48.3967,76.82,86,100,4.05,moderate rain
388,Mocuba,MZ,-16.8392,36.9856,74.79,93,31,5.53,light rain
389,Rorvik,NO,64.8621,11.2373,46.24,69,96,6.06,overcast clouds
390,Ikalamavony,MG,-21.15,46.5833,72.41,69,1,7.34,clear sky
391,Suwannaphum,TH,15.6035,103.8021,86.86,60,100,7.83,overcast clouds
392,Rio Grande,BR,-32.035,-52.0986,71.94,61,81,9.46,broken clouds
393,Campina Verde,BR,-19.5356,-49.4864,80.28,46,0,3.85,clear sky
394,Bubaque,GW,11.2833,-15.8333,77.67,61,57,14.9,broken clouds
395,Atwater,US,37.3477,-120.6091,51.91,71,0,5.75,clear sky
396,Hobyo,SO,5.3505,48.5268,84.43,75,17,17.54,few clouds
397,Ulladulla,AU,-35.35,150.4667,60.03,81,74,7.29,broken clouds
398,Grindavik,IS,63.8424,-22.4338,45.07,61,75,11.5,broken clouds
399,Havre-Saint-Pierre,CA,50.2334,-63.5986,34.16,93,100,9.22,overcast clouds
400,Melville,US,40.7934,-73.4151,49.87,40,0,23.02,clear sky
401,Hofn,IS,64.2539,-15.2082,46.65,82,22,8.46,few clouds
402,Buala,SB,-8.145,159.5921,79.84,81,98,5.84,light rain
403,Kviteseid,NO,59.4022,8.4927,62.83,51,85,2.01,overcast clouds
404,Owensboro,US,37.7742,-87.1133,49.26,53,0,14.97,clear sky
405,Jieshi,CN,22.8134,115.8257,70.95,77,62,17.47,broken clouds
406,Flinders,AU,-34.5833,150.8552,66.38,84,40,8.3,scattered clouds
407,Yaita,JP,36.8,139.9333,51.28,94,98,1.5,overcast clouds
408,Sabya,SA,17.1495,42.6254,89.76,47,7,11.14,clear sky
409,Teahupoo,PF,-17.8333,-149.2667,71.56,76,24,13.76,few clouds
410,Sitka,US,57.0531,-135.33,37.29,70,75,0.0,broken clouds
411,Kizema,RU,61.113,44.8302,37.29,76,96,6.17,overcast clouds
412,Hualmay,PE,-11.0964,-77.6139,69.67,76,61,6.82,broken clouds
413,Muzhi,RU,65.3667,64.6667,17.17,82,12,5.39,few clouds
414,Barbacena,BR,-21.2258,-43.7736,66.87,63,0,6.06,clear sky
415,Poum,NC,-20.2333,164.0167,78.12,63,53,1.92,broken clouds
416,Cherskiy,RU,68.75,161.3,-1.21,99,100,5.86,overcast clouds
417,Puerto Baquerizo Moreno,EC,-0.9,-89.6,76.19,88,75,8.05,broken clouds
418,Baruun-Urt,MN,46.6806,113.2792,42.53,29,21,7.07,few clouds
419,Kavaratti,IN,10.5669,72.642,84.94,71,15,6.89,few clouds
420,Diamantino,BR,-14.4086,-56.4461,83.46,61,65,6.96,broken clouds
421,Solnechnyy,RU,50.7214,136.6319,25.84,95,100,4.81,light snow
422,West Wendover,US,40.7391,-114.0733,40.21,48,0,5.75,clear sky
423,Chulakivka,UA,46.3576,32.3514,43.43,90,100,14.14,light rain
424,Ouango,CF,4.3133,22.5552,90.81,43,46,4.38,scattered clouds
425,Obo,CF,5.3998,26.4869,91.96,33,79,5.44,broken clouds
426,Sibu,MY,2.3,111.8167,75.61,98,81,1.81,broken clouds
427,Bonthe,SL,7.5264,-12.505,86.52,52,100,11.56,overcast clouds
428,Ajdabiya,LY,30.7554,20.2263,66.9,66,0,18.95,clear sky
429,Loma De Gato,PH,14.7833,121.0,82.2,68,65,2.35,broken clouds
430,Saint-Pierre,RE,-21.3393,55.4781,78.48,83,0,18.41,clear sky
431,Bassar,TG,9.25,0.7833,95.18,31,81,4.7,broken clouds
432,Maniitsoq,GL,65.4167,-52.9,22.55,61,99,1.34,overcast clouds
433,Salinas,US,36.6777,-121.6555,49.06,83,100,4.61,overcast clouds
434,Bara,NG,10.3744,10.7288,96.85,31,81,4.56,broken clouds
435,Sale,MA,34.0389,-6.8166,86.63,44,100,8.05,overcast clouds
436,Esil,KZ,51.9556,66.4042,56.62,44,99,9.46,overcast clouds
437,Lokosovo,RU,61.1333,74.8167,22.1,91,99,5.59,overcast clouds
438,Najran,SA,17.4924,44.1277,88.61,12,59,9.64,broken clouds
439,Vygonichi,RU,53.0985,34.0673,32.11,100,100,8.95,light snow
440,Stromness,GB,58.965,-3.296,53.56,84,100,8.99,overcast clouds
441,Shimoda,JP,34.6667,138.95,54.1,78,74,6.67,broken clouds
442,Tumut,AU,-35.3,148.2167,57.31,61,100,3.4,overcast clouds
443,Turukhansk,RU,65.8167,87.9833,14.65,94,100,15.01,light snow
444,Kajaani,FI,64.2273,27.7285,48.25,53,0,9.22,clear sky
445,Kieta,PG,-6.2167,155.6333,79.68,82,100,2.51,overcast clouds
446,Mersin,TR,36.862,34.6509,74.57,40,96,6.89,overcast clouds
447,Muravlenko,RU,63.7898,74.523,12.2,86,98,7.38,overcast clouds
448,Pangkalanbuun,ID,-2.6833,111.6167,76.93,89,87,1.74,overcast clouds
449,Namtsy,RU,62.7161,129.6658,9.52,97,30,4.72,scattered clouds
450,Zhanakorgan,KZ,43.9098,67.2495,78.08,25,80,10.96,broken clouds
451,Ponta Delgada,PT,37.7333,-25.6667,65.12,72,20,17.27,few clouds
452,Rodrigues Alves,BR,-7.738,-72.6509,84.4,60,4,4.56,clear sky
453,Marsa Matruh,EG,31.3525,27.2453,73.56,50,97,21.45,overcast clouds
454,Kungurtug,RU,50.5994,97.5228,32.52,90,22,2.33,few clouds
455,College,US,64.8569,-147.8028,13.98,50,20,9.22,few clouds
456,Palamos,ES,41.8484,3.1291,72.0,47,0,1.99,clear sky
457,Khotyn,UA,48.4833,26.5,45.05,42,100,13.22,overcast clouds
458,Caravelas,BR,-17.7125,-39.2481,79.65,63,100,11.99,overcast clouds
459,Puerto Madryn,AR,-42.7692,-65.0385,62.64,63,3,20.69,clear sky
460,Madang,PG,-5.2246,145.7966,76.53,90,71,1.77,heavy intensity rain
461,Skjervoy,NO,70.0311,20.9714,42.8,96,100,8.21,overcast clouds
462,Shalya,RU,57.2471,58.7298,32.05,98,100,2.8,light snow
463,Sterling,US,39.0062,-77.4286,54.25,45,20,17.0,few clouds
464,Arman,RU,59.7,150.1667,21.22,80,100,5.97,overcast clouds
465,Banjar,ID,-8.19,114.9675,79.61,89,100,2.73,overcast clouds
466,Puntarenas,CR,9.9763,-84.8384,87.21,51,89,4.56,overcast clouds
467,Gazipur,BD,23.9981,90.423,85.96,66,40,13.8,haze
468,Te Anau,NZ,-45.4167,167.7167,44.73,93,20,1.92,few clouds
469,Naliya,IN,23.2667,68.8333,81.59,76,2,13.02,clear sky
470,Teacapan,MX,22.55,-105.75,76.01,38,78,2.98,broken clouds
471,Inongo,CD,-1.95,18.2667,79.65,73,98,1.23,overcast clouds
472,Santa Cruz De La Palma,ES,28.6835,-17.7642,73.54,73,0,16.11,clear sky
473,Birao,CF,10.2849,22.7882,102.06,17,78,1.7,broken clouds
474,Mujiayingzi,CN,42.1167,118.7833,52.11,31,100,11.07,overcast clouds
475,Constitucion,CL,-35.3333,-72.4167,61.72,62,77,4.23,broken clouds
476,Anadyr,RU,64.75,177.4833,21.61,94,100,10.27,overcast clouds
477,Talnakh,RU,69.4865,88.3972,10.99,96,100,9.1,light snow
478,Ivanava,BY,52.1451,25.5365,44.35,48,100,11.61,overcast clouds
479,Kolpashevo,RU,58.3131,82.9089,37.33,90,100,10.56,overcast clouds
480,Kijang,KR,35.2442,129.2139,58.95,43,100,4.56,overcast clouds
481,Naifaru,MV,5.4444,73.3657,84.9,73,100,10.31,overcast clouds
482,Kysyl-Syr,RU,63.8986,122.7617,27.43,84,100,12.15,overcast clouds
483,Huilong,CN,31.8111,121.655,57.92,60,100,6.82,overcast clouds
484,Natal,BR,-5.795,-35.2094,88.45,66,75,13.8,broken clouds
485,Roald,NO,62.5833,6.1333,63.52,50,40,3.44,scattered clouds
486,Alyangula,AU,-13.8483,136.4192,79.29,79,100,14.12,overcast clouds
487,Jonkoping,SE,57.7814,14.1562,61.39,47,22,8.05,few clouds
488,Broken Hill,AU,-31.95,141.4333,72.68,32,100,12.39,overcast clouds
489,Carapegua,PY,-25.8,-57.2333,72.19,55,36,1.05,scattered clouds
490,Madras,IN,13.0878,80.2785,85.98,84,40,4.61,scattered clouds
491,Marawi,PH,7.9986,124.2928,69.31,95,88,1.12,overcast clouds
492,Faya,SA,18.3851,42.4509,72.12,49,74,4.36,moderate rain
493,Bongandanga,CD,1.5,21.05,88.99,48,93,5.32,overcast clouds
494,Columbus,US,39.9612,-82.9988,42.71,53,20,10.36,few clouds
495,Emba,KZ,48.8264,58.1442,57.2,55,100,8.99,overcast clouds
496,Port Macquarie,AU,-31.4333,152.9167,62.89,86,32,4.23,scattered clouds
497,Botwood,CA,49.1499,-55.3482,53.91,52,56,15.14,broken clouds
498,Nhamunda,BR,-2.1861,-56.7131,84.7,70,100,3.47,overcast clouds
499,Moranbah,AU,-22.0016,148.0466,64.2,87,0,6.89,clear sky
500,Cayenne,GF,4.9333,-52.3333,84.24,9,75,12.66,broken clouds
501,Santa Fe,AR,-31.6333,-60.7,73.98,45,15,4.0,light rain
502,Faanui,PF,-16.4833,-151.75,81.01,71,10,11.14,clear sky
503,Llanes,ES,43.4198,-4.7549,61.29,69,100,7.0,overcast clouds
504,Tucuman,AR,-26.8241,-65.2226,69.8,68,0,3.44,clear sky
505,Khandyga,RU,62.6667,135.6,3.92,98,57,3.51,broken clouds
506,Kachug,RU,53.9606,105.8817,41.81,84,91,3.53,overcast clouds
507,Tazovskiy,RU,67.4667,78.7,11.21,90,80,14.27,broken clouds
508,Brae,GB,60.3964,-1.353,50.76,84,100,13.06,overcast clouds
509,Manitouwadge,CA,49.1215,-85.8403,22.96,75,97,4.12,overcast clouds
510,Matay,EG,28.419,30.7792,105.49,5,74,14.9,broken clouds
511,Dwarka,IN,22.2394,68.9678,81.25,80,0,13.04,clear sky
512,Luanda,AO,-8.8368,13.2343,84.2,74,20,11.5,few clouds
513,Puri,IN,19.8,85.85,84.72,86,76,24.54,broken clouds
514,Sao Felix Do Xingu,BR,-6.6447,-51.995,82.29,83,86,0.54,overcast clouds
515,Bay Roberts,CA,47.5999,-53.2648,52.05,66,100,10.0,overcast clouds
516,Jutai,BR,-5.1833,-68.9,77.41,91,100,2.71,overcast clouds
517,Henties Bay,NA,-22.116,14.2845,64.98,71,23,11.16,few clouds
518,Seoul,KR,37.5683,126.9778,51.24,47,97,4.23,overcast clouds
519,Gorele,TR,41.0308,39.0031,60.82,67,70,6.62,broken clouds
520,Valdivia,CL,-39.8142,-73.2459,48.29,58,100,1.21,overcast clouds
521,Ibatiba,BR,-20.2339,-41.5106,73.0,61,29,3.42,scattered clouds
522,Lakes Entrance,AU,-37.8811,147.981,60.17,66,99,9.28,overcast clouds
523,Springdale,US,36.1867,-94.1288,49.68,86,100,20.71,overcast clouds
524,Egvekinot,RU,66.3167,-179.1667,21.63,93,99,8.81,light snow
525,Aranda De Duero,ES,41.6704,-3.6892,68.34,25,100,10.71,overcast clouds
526,Akyab,MM,20.15,92.9,82.71,83,14,5.14,few clouds
527,Komsomolskiy,UZ,40.4272,71.7189,78.75,16,56,4.79,broken clouds
528,Staryy Nadym,RU,65.6118,72.6842,16.16,86,93,6.35,overcast clouds
529,Mbandaka,CD,0.0487,18.2603,85.24,62,100,5.28,overcast clouds
530,Atar,MR,20.5169,-13.0499,102.36,7,2,13.31,clear sky
531,Tessalit,ML,20.1986,1.0114,86.65,13,0,13.44,clear sky
532,Honiara,SB,-9.4333,159.95,77.47,84,86,4.54,overcast clouds
533,Jacareacanga,BR,-6.2222,-57.7528,84.52,73,91,1.79,overcast clouds
534,Lewistown,US,40.5992,-77.5714,43.2,77,75,16.11,broken clouds
535,Otautau,NZ,-46.15,168.0,37.44,93,0,2.13,clear sky
536,Yambio,SS,4.5721,28.3955,77.54,67,100,1.43,light rain
537,Necochea,AR,-38.5473,-58.7368,66.74,53,89,3.31,overcast clouds
538,Tingi,TZ,-11.3,35.0333,69.1,88,51,2.01,broken clouds
539,Mocoa,CO,1.1493,-76.6466,77.0,88,99,2.35,overcast clouds
540,Rundu,NA,-17.9333,19.7667,79.74,50,90,9.08,overcast clouds
541,Naryan-Mar,RU,67.6713,53.087,32.7,97,97,14.14,overcast clouds
542,Isangel,VU,-19.55,169.2667,79.3,83,100,2.68,light rain
543,Dongzhen,CN,22.3797,110.9389,67.21,83,100,4.63,overcast clouds
544,Matagami,CA,49.7502,-77.6328,21.31,79,100,16.11,overcast clouds
545,Gudalur,IN,9.6833,77.2667,75.29,94,55,5.1,moderate rain
546,Tautira,PF,-17.7333,-149.15,80.15,76,24,13.09,few clouds
547,Manggar,ID,-2.8833,108.2667,82.74,74,58,1.19,broken clouds
548,Hun,LY,29.1268,15.9477,75.67,24,1,14.12,clear sky
549,Vuktyl,RU,63.8567,57.3094,31.26,75,86,7.63,overcast clouds
550,Moose Factory,CA,51.2585,-80.6094,21.11,77,100,8.57,overcast clouds
551,Masuda,JP,34.6667,131.85,51.31,48,100,4.41,overcast clouds
552,Benalla,AU,-36.55,145.9833,68.31,56,100,6.33,overcast clouds
553,Skala Fourkas,GR,39.9998,23.3841,57.54,90,100,12.95,overcast clouds
554,Hinton,CA,53.4001,-117.5857,23.23,79,90,2.46,overcast clouds
555,Prince Albert,CA,53.2001,-105.7677,22.96,74,100,3.42,overcast clouds
556,Alekseyevsk,RU,57.8406,108.3492,44.74,92,100,14.12,overcast clouds
557,Kununurra,AU,-15.7667,128.7333,76.98,88,14,0.0,few clouds
558,Jawhar,SO,2.7809,45.5005,87.03,58,49,16.96,light rain
559,Chernenko,RU,44.365,39.3103,61.81,70,100,2.19,overcast clouds
560,Naze,JP,28.3667,129.4833,63.54,63,76,6.24,broken clouds
561,Letka,RU,59.6011,49.4232,34.47,81,75,2.84,broken clouds
562,Vardo,NO,70.3705,31.1107,38.52,87,100,11.07,overcast clouds
563,Mandera,KE,3.9366,41.867,90.57,45,87,17.98,overcast clouds
564,Mayumba,GA,-3.432,10.6554,81.91,77,85,8.43,overcast clouds
565,Lubango,AO,-14.9172,13.4925,71.82,64,50,5.53,light rain
566,Nsoko,SZ,-27.0333,31.95,62.19,96,100,3.15,light rain
567,Silver City,US,32.7701,-108.2803,63.68,15,0,7.0,clear sky
568,Banyo,CM,6.75,11.8167,87.1,37,58,5.77,broken clouds
569,Alice Springs,AU,-23.7,133.8833,81.95,30,100,10.36,overcast clouds
570,Coahuayana,MX,18.7333,-103.6833,79.7,65,100,3.13,overcast clouds
571,High Level,CA,58.5169,-117.136,10.51,85,100,16.11,light snow
572,Campo Grande,BR,-20.4428,-54.6464,76.55,41,0,8.05,clear sky
573,Nemuro,JP,43.3236,145.575,39.99,89,92,4.92,overcast clouds
574,Lubumbashi,CD,-11.6609,27.4794,70.61,87,86,5.41,light rain
575,Sayat,TM,38.7839,63.8803,80.44,27,97,16.91,overcast clouds
576,Beidao,CN,34.5686,105.8933,49.86,36,97,2.26,overcast clouds
577,Sistranda,NO,63.7256,8.834,57.16,74,93,3.44,overcast clouds
578,General Roca,AR,-39.0333,-67.5833,64.62,51,0,9.01,clear sky
579,Abu Kamal,SY,34.4506,40.9171,81.82,12,3,4.56,clear sky
580,Itacoatiara,BR,-3.1431,-58.4442,81.19,87,100,2.62,moderate rain
581,Krasnoborsk,RU,61.5598,45.934,37.44,83,92,6.17,overcast clouds
582,Kushmurun,KZ,52.4503,64.6311,52.05,52,100,9.13,overcast clouds
583,Nebbi,UG,2.4783,31.0889,82.22,51,82,2.68,broken clouds
584,Palmer,US,42.1584,-72.3287,45.86,56,75,18.41,broken clouds
585,Concarneau,FR,47.875,-3.9225,61.59,74,100,7.85,overcast clouds
586,Pacific Grove,US,36.6177,-121.9166,48.65,89,40,8.99,scattered clouds
587,Englehart,CA,47.8169,-79.8664,32.99,63,100,10.33,overcast clouds
588,Kilgore,US,32.3863,-94.8758,69.78,94,100,0.0,mist
589,Chicama,PE,-7.8447,-79.1469,61.34,70,39,7.36,scattered clouds
590,Hohhot,CN,40.8106,111.6522,43.18,76,100,1.97,overcast clouds
591,Fernley,US,39.608,-119.2518,48.99,49,43,1.01,scattered clouds
592,Rocha,UY,-34.4833,-54.3333,66.56,69,86,5.21,overcast clouds
593,Rayachoti,IN,14.05,78.75,85.05,49,72,4.92,broken clouds
594,Coruripe,BR,-10.1256,-36.1756,86.88,61,31,12.03,scattered clouds
595,Aksarka,RU,66.5606,67.7975,14.02,90,25,7.99,scattered clouds
596,Tatarsk,RU,55.219,75.9828,46.92,58,3,10.6,clear sky
597,Kristiinankaupunki,FI,62.2743,21.376,39.63,86,29,4.88,scattered clouds
598,Labuhan,ID,-6.8844,112.2051,81.7,80,36,6.49,scattered clouds
599,Remanso,BR,-9.6179,-42.0831,84.97,55,87,6.11,overcast clouds
600,Bull Savanna,JM,17.8868,-77.5902,80.24,64,1,8.3,clear sky
601,Alcudia,ES,39.8532,3.1214,75.38,72,0,8.61,clear sky
602,Svetlogorsk,BY,52.6333,29.7333,39.34,66,100,13.78,overcast clouds
603,Jati,PK,24.3539,68.2671,85.71,60,8,16.33,clear sky
604,Kresttsy,RU,58.2452,32.5165,42.57,64,93,5.61,overcast clouds
605,Baijiantan,CN,45.6333,85.1833,65.32,12,0,7.65,clear sky
606,Kendari,ID,-3.945,122.4989,75.22,95,100,4.27,overcast clouds
607,Saint-Georges,GD,12.0564,-61.7485,81.21,71,99,17.47,overcast clouds
608,Mackay,AU,-21.15,149.2,64.69,75,12,9.19,few clouds
609,Pilot Butte,CA,50.4668,-104.4178,22.66,79,100,3.71,overcast clouds
610,Chapais,CA,49.7834,-74.8492,26.38,81,100,14.12,overcast clouds
611,Westerland,DE,54.9079,8.3033,60.03,41,0,8.05,clear sky
612,Yaan,NG,7.3833,8.5667,96.06,38,53,7.05,broken clouds
613,Kirakira,SB,-10.4544,161.9205,79.72,80,100,4.25,overcast clouds
614,Kilindoni,TZ,-7.9139,39.6668,82.04,80,22,12.12,light rain
615,Kambja,EE,58.2335,26.696,48.78,37,89,6.91,overcast clouds
616,Mao,ES,39.8885,4.2658,66.76,42,20,11.5,few clouds
617,Gaomi,CN,36.3833,119.7528,56.88,38,100,9.33,overcast clouds
618,Belomorsk,RU,64.5232,34.7668,38.17,97,100,6.82,overcast clouds
619,Haapiti,PF,-17.5667,-149.8667,76.73,72,5,11.07,light rain
620,Lida,BY,53.8833,25.2997,45.05,45,96,12.3,overcast clouds
621,Zhigansk,RU,66.7697,123.3711,25.23,87,100,29.77,overcast clouds
622,Vallenar,CL,-28.5708,-70.7581,73.74,36,0,3.89,clear sky
623,Mangrol,IN,21.1167,70.1167,81.45,71,0,8.68,clear sky
624,Borkenes,NO,68.774,16.1739,42.58,100,98,18.99,overcast clouds
625,Apac,UG,1.9756,32.5386,78.85,52,97,2.28,overcast clouds
626,Verkhoyansk,RU,67.5447,133.385,-0.76,99,34,3.53,scattered clouds
627,Rudbar,AF,30.15,62.6,85.48,21,91,5.23,light rain
628,Dindori,IN,22.95,81.0833,85.23,13,6,2.91,clear sky
629,Bereda,ES,43.2686,-7.5406,65.41,74,100,6.55,overcast clouds
630,Concepcion Del Oro,MX,24.6333,-101.4167,69.6,39,12,2.37,few clouds
631,San Andres,CO,12.5847,-81.7006,84.22,74,40,12.66,scattered clouds
632,Kokopo,PG,-4.352,152.2633,77.76,85,100,3.38,light rain
633,Bambanglipuro,ID,-7.95,110.2833,79.39,87,100,4.52,overcast clouds
634,Puerto Del Rosario,ES,28.5004,-13.8627,78.55,57,20,12.66,few clouds
635,Zverinogolovskoye,RU,54.4586,64.8542,46.99,46,6,6.42,clear sky
636,San Juan Bautista,PE,-14.0108,-75.7358,74.01,53,100,3.87,overcast clouds
637,Doha,QA,25.2867,51.5333,88.11,21,0,17.27,clear sky
638,Notre-Dame-Du-Lac,CA,47.6136,-68.7964,39.87,69,95,10.63,overcast clouds
639,Chhapar,IN,27.8167,74.4,92.52,8,0,7.38,clear sky
640,Nuuk,GL,64.1835,-51.7216,29.01,80,75,18.41,broken clouds
641,Termoli,IT,41.9888,14.9895,52.77,55,100,24.47,overcast clouds
642,Nabire,ID,-3.3667,135.4833,77.29,90,100,2.46,overcast clouds
643,Marco,US,25.9726,-81.729,83.05,63,62,7.0,broken clouds
644,Tawang,IN,27.5833,91.8667,45.5,94,56,0.89,broken clouds
645,Luwuk,ID,-0.9516,122.7875,77.4,83,99,2.19,overcast clouds
646,Mount Gambier,AU,-37.8333,140.7667,55.31,100,100,8.05,mist
647,Falavarjan,IR,32.5553,51.5097,65.41,13,97,15.08,overcast clouds
648,Rehti,IN,22.7333,77.4333,94.86,12,48,4.32,scattered clouds
649,Severnoye,RU,56.3491,78.3619,41.31,76,41,10.4,scattered clouds
650,Batangafo,CF,7.3008,18.2833,97.59,26,93,6.8,overcast clouds
651,Sambava,MG,-14.2667,50.1667,78.17,88,4,12.12,light rain
652,Saravan,AM,39.7196,45.6483,47.98,60,13,2.57,few clouds
653,Guane,CU,22.2025,-84.0875,84.7,56,0,8.9,clear sky
654,Jumla,NP,29.2747,82.1838,52.29,59,71,5.14,broken clouds
655,Vamvakou,GR,39.3333,22.4167,55.27,93,100,5.12,light rain
656,Kibala,TD,9.1104,18.3463,104.38,19,55,1.25,broken clouds
657,Araouane,ML,18.9048,-3.5265,91.11,10,0,14.34,clear sky
658,Ewa Beach,US,21.3156,-158.0072,73.44,74,0,11.5,clear sky
659,Goya,AR,-29.14,-59.2626,69.76,57,55,5.46,broken clouds
660,Manaure,CO,11.7751,-72.4445,85.19,63,99,15.82,overcast clouds
661,Czestochowa,PL,50.7965,19.1241,50.59,40,99,10.71,overcast clouds
662,Calabozo,VE,8.9242,-67.4293,90.34,43,100,9.01,overcast clouds
663,Guamuchil,MX,25.4667,-108.1,79.84,20,99,1.74,overcast clouds
664,Port-Gentil,GA,-0.7193,8.7815,84.16,79,40,13.8,thunderstorm
665,Nisia Floresta,BR,-6.0911,-35.2086,88.61,63,94,9.37,light rain
666,Batemans Bay,AU,-35.7167,150.1833,63.1,75,97,6.35,overcast clouds
667,Antofagasta,CL,-23.65,-70.4,61.88,63,24,8.37,few clouds
668,Rio Cuarto,AR,-33.1307,-64.3499,74.48,43,0,14.97,clear sky
669,Stephenville,US,32.2207,-98.2023,61.75,62,100,9.22,overcast clouds
670,Gillette,US,44.2911,-105.5022,36.52,55,0,29.93,clear sky
671,Kirkwall,GB,58.9848,-2.9587,53.65,82,40,13.8,scattered clouds
672,Yulara,AU,-25.2406,130.9889,67.84,42,0,3.44,clear sky
673,Masallatah,LY,32.6167,14.0,63.72,60,0,22.53,clear sky
674,Darhan,MN,49.4867,105.9228,50.54,31,4,8.34,clear sky
675,Pahrump,US,36.2083,-115.9839,60.26,36,0,1.99,clear sky
676,Talakan,RU,50.3167,130.3667,24.75,94,32,2.19,scattered clouds
677,Pemex,MX,18.4395,-96.3461,89.92,45,4,3.71,clear sky
678,Nhulunbuy,AU,-12.2333,136.7667,77.61,100,100,3.44,moderate rain
679,Santa Rosalia,MX,27.3167,-112.2833,76.78,31,23,4.54,few clouds
680,Whitecourt,CA,54.1502,-115.6855,25.84,93,100,4.61,overcast clouds
681,Sayansk,RU,54.1088,102.1648,48.78,70,87,4.65,overcast clouds
682,Mitoc,RO,48.1,27.0333,50.7,40,100,14.05,overcast clouds
683,Vyartsilya,RU,62.1764,30.693,43.59,70,99,5.57,overcast clouds
684,Klaksvik,FO,62.2266,-6.589,47.32,96,100,13.85,overcast clouds
685,Yafran,LY,32.0633,12.5286,67.71,28,0,18.54,clear sky
686,Kabalo,CD,-6.05,26.9167,80.06,79,79,1.92,moderate rain
687,Havelock,US,34.8791,-76.9013,69.98,74,20,19.57,few clouds
688,Batagay-Alyta,RU,67.8006,130.4114,-5.55,100,72,4.83,broken clouds
689,Russell,US,32.3502,-85.1999,67.96,100,100,0.0,overcast clouds
690,Virginia Beach,US,36.8529,-75.978,59.02,68,48,3.0,scattered clouds
691,Ballina,AU,-28.8667,153.5667,64.36,96,100,6.91,overcast clouds
692,Noumea,NC,-22.2763,166.4572,77.0,99,23,4.9,few clouds
693,Ambilobe,MG,-13.2,49.05,77.72,82,2,0.27,clear sky
694,Mazagao,BR,-0.115,-51.2894,82.45,73,97,2.95,overcast clouds
695,Raudeberg,NO,61.9875,5.1352,56.07,79,94,18.37,overcast clouds
696,Orlik,RU,52.5178,99.825,33.08,83,97,3.2,overcast clouds
697,Bilibino,RU,68.0546,166.4372,9.14,97,100,2.39,overcast clouds
698,Beyneu,KZ,45.3167,55.2,69.58,24,92,5.5,overcast clouds
699,Yamada,JP,39.4667,141.95,44.44,79,0,5.84,clear sky
700,Moyale,KE,3.5167,39.0584,78.39,53,94,7.92,overcast clouds
701,Znamenskoye,RU,57.1281,73.8282,37.44,87,69,5.5,broken clouds
702,Seminole,US,28.7086,-81.2081,84.34,74,30,5.93,scattered clouds
703,Waddan,LY,29.1614,16.139,75.27,25,0,14.72,clear sky
